{
    "acc":[
        0.573696511591651,
        0.6863718076774175,
        0.7700647252877382,
        0.8118122990548889,
        0.834681771355368,
        0.8471592969064531,
        0.8594750090067184,
        0.8656058984023982,
        0.8736066174824346,
        0.8761776317713373,
        0.8777238379404383,
        0.8848795388851693,
        0.8882416380647703,
        0.8928622788167265,
        0.896979504032814,
        0.8966558778384571,
        0.9028047474113912,
        0.9030204960572038,
        0.9057713048743584,
        0.908360301955318,
        0.9098885283758211,
        0.9123516722104396,
        0.9128371076119199,
        0.9150305658482425,
        0.9191298102012259,
        0.9179072273973509,
        0.9237324699614812,
        0.9249370726524004,
        0.9258000710935569,
        0.9262315740005784,
        0.9298094213116045,
        0.9319309600605805,
        0.9316792515103485,
        0.9361920163855197,
        0.9352930587043611,
        0.9382955783221928,
        0.9368752255280298,
        0.9392304922427603,
        0.9429341973867489,
        0.9429701549335591,
        0.9440309260655375,
        0.9465120443119843,
        0.9488852922541767,
        0.9482020863265882,
        0.9502876646353245,
        0.9520136659327962,
        0.9538115773514765,
        0.9533081636373965,
        0.9539913690720304,
        0.9564005768329109
    ],
    "loss":[
        1.3030959636519512,
        1.0080825086764746,
        0.86699748377884,
        0.7953613104900839,
        0.7533609700777342,
        0.7226875649643905,
        0.6973709757917007,
        0.6817895970255383,
        0.6654494105162101,
        0.6503539280855412,
        0.6438602618886515,
        0.629279247893999,
        0.617048198286898,
        0.609838586987801,
        0.5979183305300041,
        0.5882778677932653,
        0.5755041902419347,
        0.5723280785153213,
        0.5603179881595014,
        0.5514805540040602,
        0.546067152422823,
        0.5372520686696219,
        0.5267708693978942,
        0.5207854043618675,
        0.5120057527730038,
        0.5045059791832079,
        0.4938400055233929,
        0.48447795050986936,
        0.48141693848150746,
        0.47256041398283305,
        0.46151943577146065,
        0.45411973570114156,
        0.4489334699105376,
        0.43564542331784717,
        0.43301927762595666,
        0.42126643776636424,
        0.41747695399419477,
        0.40661287409545105,
        0.4000468195256292,
        0.3913053374460214,
        0.3848289017066901,
        0.3758487322055278,
        0.36439048097271665,
        0.3616476549021163,
        0.355932748283426,
        0.34606990129216375,
        0.33589526418300464,
        0.3316607267168176,
        0.32800065303011705,
        0.3218939366828448
    ],
    "val_acc":[
        0.7019137347441681,
        0.8099378272471253,
        0.8500582830568228,
        0.8676413404482972,
        0.8772100202141397,
        0.8826015103852284,
        0.8880901442862771,
        0.8921701909617032,
        0.8954245132544862,
        0.8984359762657955,
        0.9024188786901408,
        0.9042160422252594,
        0.9069360728886421,
        0.9083446602300692,
        0.910093251654123,
        0.9119875585428368,
        0.9137847220779554,
        0.9155818850340509,
        0.917281904578649,
        0.9186904920358808,
        0.9195162158974032,
        0.9198562197484205,
        0.922479107029257,
        0.9230619707986732,
        0.9265105816515204,
        0.9280163132150775,
        0.9279677412198172,
        0.9283077446655184,
        0.9282591727281604,
        0.9304934838732076,
        0.9312220637442095,
        0.9328735113514496,
        0.932436363567814,
        0.9346706749444705,
        0.934282098924486,
        0.936953558258485,
        0.9361764062185159,
        0.935642114096946,
        0.9389935818857097,
        0.938265001667294,
        0.939090725470914,
        0.9418107565685641,
        0.9415678967080673,
        0.9413250370212775,
        0.9433164881900233,
        0.9452107956577602,
        0.9457936596008836,
        0.9465222394139831,
        0.9465708112934388,
        0.9460850912829337
    ],
    "val_loss":[
        0.9243204033511436,
        0.7896095445509533,
        0.7174385789704365,
        0.6832578276948649,
        0.6626912913832915,
        0.6476324781564131,
        0.6332265065784984,
        0.6225865717846282,
        0.6122161522869557,
        0.6037821140547782,
        0.5952210328128237,
        0.587749604573638,
        0.580065354632479,
        0.5734123336949208,
        0.566023705525377,
        0.5584657487647844,
        0.5509129124102788,
        0.5439329136742743,
        0.5366269910604208,
        0.5295329075172754,
        0.5221894597437443,
        0.5158237845186171,
        0.5086867713641027,
        0.5016239296933714,
        0.49434856670051497,
        0.48739909506756657,
        0.48008531450136716,
        0.4735435998066898,
        0.46684109839231314,
        0.4591238638579741,
        0.45284358274943626,
        0.4448791756800408,
        0.43971954686493,
        0.4323143461490803,
        0.42741894719089746,
        0.41801559275994377,
        0.41327825143472974,
        0.409085813814954,
        0.4003359786753565,
        0.3959856321389221,
        0.39014765829838016,
        0.381386881850172,
        0.378419421365684,
        0.37533494121407174,
        0.3675724739052843,
        0.3600596833198956,
        0.35388140237363813,
        0.34691096215785905,
        0.34667818093962266,
        0.34414066459128806
    ]
}